Ref,Val,Package,PosX,PosY,Rot,Side
C1,15pF,C_0402,164.100000,-92.500000,90.000000,bottom
C3,100nF,C_0402,169.650000,-76.350000,90.000000,bottom
C4,15pF,C_0402,159.680000,-93.430000,90.000000,bottom
C5,100nF,C_0402,164.750000,-89.040000,-90.000000,bottom
C6,100nF,C_0402,165.660000,-89.040000,-90.000000,bottom
C7,1uF,C_0402,163.010000,-78.900000,90.000000,bottom
C8,1uF,C_0402,163.900000,-78.900000,90.000000,bottom
C9,10uF,C_0603,161.500000,-104.250000,0.000000,bottom
C10,100nF,C_0402,173.300000,-87.000000,180.000000,bottom
C11,100nF,C_0402,171.300000,-87.000000,0.000000,bottom
C12,100nF,C_0402,160.700000,-78.950000,0.000000,bottom
C13,100nF,C_0402,160.850000,-87.750000,0.000000,bottom
C14,100nF,C_0402,160.740000,-79.850000,180.000000,bottom
C15,100nF,C_0402,160.700000,-77.900000,0.000000,bottom
C16,100nF,C_0402,165.800000,-78.940000,90.000000,bottom
C17,100nF,C_0402,162.120000,-78.900000,90.000000,bottom
C18,10uF,C_0603,176.750000,-74.250000,180.000000,bottom
C19,1uF,C_0402,159.500000,-100.550000,90.000000,bottom
C20,1uF,C_0402,160.800000,-103.000000,180.000000,bottom
C30,100nF,C_0402,173.402325,-121.294919,45.000000,bottom
C110,100nF,C_0402,55.400001,-67.300000,-90.000000,bottom
C111,100nF,C_0402,73.400001,-67.300000,-90.000000,bottom
C112,100nF,C_0402,91.400001,-64.550000,-90.000000,bottom
C113,100nF,C_0402,109.400001,-62.425000,-90.000000,bottom
C114,100nF,C_0402,127.400001,-64.550000,-90.000000,bottom
C115,100nF,C_0402,145.400001,-66.675000,-90.000000,bottom
C116,100nF,C_0402,163.400001,-108.175000,-90.000000,bottom
C120,100nF,C_0402,55.400001,-84.300000,-90.000000,bottom
C121,100nF,C_0402,73.400001,-84.300000,-90.000000,bottom
C122,100nF,C_0402,91.400001,-81.550000,-90.000000,bottom
C123,100nF,C_0402,109.400001,-79.425000,-90.000000,bottom
C124,100nF,C_0402,127.400001,-81.550000,-90.000000,bottom
C125,100nF,C_0402,145.400001,-83.675000,-90.000000,bottom
C130,100nF,C_0402,55.400001,-101.300000,-90.000000,bottom
C131,100nF,C_0402,73.400001,-101.300000,-90.000000,bottom
C132,100nF,C_0402,91.400001,-98.550000,-90.000000,bottom
C133,100nF,C_0402,109.400001,-96.425000,-90.000000,bottom
C134,100nF,C_0402,127.400001,-98.550000,-90.000000,bottom
C135,100nF,C_0402,145.400001,-100.675000,-90.000000,bottom
C140,100nF,C_0402,55.400001,-118.300000,-90.000000,bottom
C141,100nF,C_0402,73.400001,-118.300000,-90.000000,bottom
C142,100nF,C_0402,91.400001,-115.550000,-90.000000,bottom
C143,100nF,C_0402,109.400001,-113.425000,-90.000000,bottom
C144,100nF,C_0402,127.400001,-115.550000,-90.000000,bottom
C145,100nF,C_0402,145.400001,-117.675000,-90.000000,bottom
C150,100nF,C_0402,55.400001,-135.300000,-90.000000,bottom
C151,100nF,C_0402,73.400001,-135.300000,-90.000000,bottom
C152,100nF,C_0402,91.400001,-132.550000,-90.000000,bottom
C153,100nF,C_0402,109.400001,-130.425000,-90.000000,bottom
C154,100nF,C_0402,127.400001,-132.550000,-90.000000,bottom
C155,100nF,C_0402,145.400001,-134.675000,-90.000000,bottom
C160,100nF,C_0402,82.400001,-152.800000,-90.000000,bottom
C161,100nF,C_0402,100.400001,-151.675000,-90.000000,bottom
C162,100nF,C_0402,118.400001,-151.675000,-90.000000,bottom
C163,100nF,C_0402,139.354427,-152.551462,-98.060000,bottom
C164,100nF,C_0402,159.087811,-160.883715,-19.630000,bottom
C165,100nF,C_0402,163.400001,-129.050000,-90.000000,bottom
C201,15pF,C_0402,191.000000,-77.600000,0.000000,bottom
C203,100nF,C_0402,207.150000,-83.150000,0.000000,bottom
C204,15pF,C_0402,190.070000,-73.180000,0.000000,bottom
C205,100nF,C_0402,194.460000,-78.250000,180.000000,bottom
C206,100nF,C_0402,194.460000,-79.160000,180.000000,bottom
C207,1uF,C_0402,204.600000,-76.510000,0.000000,bottom
C208,1uF,C_0402,204.600000,-77.400000,0.000000,bottom
C209,10uF,C_0603,205.500000,-104.250000,180.000000,bottom
C210,100nF,C_0402,196.500000,-86.800000,90.000000,bottom
C211,100nF,C_0402,196.500000,-84.800000,-90.000000,bottom
C212,100nF,C_0402,204.550000,-74.200000,-90.000000,bottom
C213,100nF,C_0402,195.750000,-74.350000,-90.000000,bottom
C214,100nF,C_0402,203.650000,-74.240000,90.000000,bottom
C215,100nF,C_0402,205.600000,-74.200000,-90.000000,bottom
C216,100nF,C_0402,204.560000,-79.300000,0.000000,bottom
C217,100nF,C_0402,204.600000,-75.620000,0.000000,bottom
C218,10uF,C_0603,190.441399,-75.989501,0.000000,bottom
C219,1uF,C_0402,207.500000,-100.550000,90.000000,bottom
C220,1uF,C_0402,206.200000,-103.000000,0.000000,bottom
C230,100nF,C_0402,193.597675,-121.294919,135.000000,bottom
C310,100nF,C_0402,302.400001,-67.300000,-90.000000,bottom
C311,100nF,C_0402,284.400001,-67.300000,-90.000000,bottom
C312,100nF,C_0402,266.400001,-64.550000,-90.000000,bottom
C313,100nF,C_0402,248.400001,-62.425000,-90.000000,bottom
C314,100nF,C_0402,230.400001,-64.550000,-90.000000,bottom
C315,100nF,C_0402,212.400001,-66.675000,-90.000000,bottom
C316,100nF,C_0402,194.400001,-108.175000,-90.000000,bottom
C320,100nF,C_0402,302.400001,-84.300000,-90.000000,bottom
C321,100nF,C_0402,284.400001,-84.300000,-90.000000,bottom
C322,100nF,C_0402,266.400001,-81.550000,-90.000000,bottom
C323,100nF,C_0402,248.400001,-79.425000,-90.000000,bottom
C324,100nF,C_0402,230.400001,-81.550000,-90.000000,bottom
C325,100nF,C_0402,212.400001,-83.675000,-90.000000,bottom
C330,100nF,C_0402,302.400001,-101.300000,-90.000000,bottom
C331,100nF,C_0402,284.400001,-101.300000,-90.000000,bottom
C332,100nF,C_0402,266.400001,-98.550000,-90.000000,bottom
C333,100nF,C_0402,248.400001,-96.425000,-90.000000,bottom
C334,100nF,C_0402,230.400001,-98.550000,-90.000000,bottom
C335,100nF,C_0402,212.400001,-100.675000,-90.000000,bottom
C340,100nF,C_0402,302.400001,-118.300000,-90.000000,bottom
C341,100nF,C_0402,284.400001,-118.300000,-90.000000,bottom
C342,100nF,C_0402,266.400001,-115.550000,-90.000000,bottom
C343,100nF,C_0402,248.400001,-113.425000,-90.000000,bottom
C344,100nF,C_0402,230.400001,-115.550000,-90.000000,bottom
C345,100nF,C_0402,212.400001,-117.675000,-90.000000,bottom
C350,100nF,C_0402,302.400001,-135.300000,-90.000000,bottom
C351,100nF,C_0402,284.400001,-135.300000,-90.000000,bottom
C352,100nF,C_0402,266.400001,-132.550000,-90.000000,bottom
C353,100nF,C_0402,248.400001,-130.425000,-90.000000,bottom
C354,100nF,C_0402,230.400001,-132.550000,-90.000000,bottom
C355,100nF,C_0402,212.400001,-134.675000,-90.000000,bottom
C360,100nF,C_0402,275.400001,-152.800000,-90.000000,bottom
C361,100nF,C_0402,257.400001,-151.675000,-90.000000,bottom
C362,100nF,C_0402,239.400001,-151.675000,-90.000000,bottom
C363,100nF,C_0402,218.536453,-153.841394,-81.940000,bottom
C364,100nF,C_0402,204.821497,-152.218404,-160.370000,bottom
C365,100nF,C_0402,194.400001,-129.050000,-90.000000,bottom
D1,B5819W SL,D_SOD-123,176.000000,-71.250000,-90.000000,bottom
D2,SMF5.0A,D_SOD-123FL,163.800000,-69.900000,180.000000,bottom
D10,1N4148W,D_SOD-123,52.400000,-70.000000,-90.000000,bottom
D11,1N4148W,D_SOD-123,70.400000,-70.000000,-90.000000,bottom
D12,1N4148W,D_SOD-123,88.400000,-67.250000,-90.000000,bottom
D13,1N4148W,D_SOD-123,106.400000,-65.125000,-90.000000,bottom
D14,1N4148W,D_SOD-123,124.400000,-67.250000,-90.000000,bottom
D15,1N4148W,D_SOD-123,142.400000,-69.375000,-90.000000,bottom
D16,1N4148W,D_SOD-123,160.500001,-107.875000,-90.000000,bottom
D20,1N4148W,D_SOD-123,52.400000,-87.000000,-90.000000,bottom
D21,1N4148W,D_SOD-123,70.400000,-87.000000,-90.000000,bottom
D22,1N4148W,D_SOD-123,88.400000,-84.250000,-90.000000,bottom
D23,1N4148W,D_SOD-123,106.400000,-82.125000,-90.000000,bottom
D24,1N4148W,D_SOD-123,124.400000,-84.250000,-90.000000,bottom
D25,1N4148W,D_SOD-123,142.400000,-86.375000,-90.000000,bottom
D30,1N4148W,D_SOD-123,52.400000,-104.000000,-90.000000,bottom
D31,1N4148W,D_SOD-123,70.400000,-104.000000,-90.000000,bottom
D32,1N4148W,D_SOD-123,88.400000,-101.250000,-90.000000,bottom
D33,1N4148W,D_SOD-123,106.400000,-99.125000,-90.000000,bottom
D34,1N4148W,D_SOD-123,124.400000,-101.250000,-90.000000,bottom
D35,1N4148W,D_SOD-123,142.400000,-103.375000,-90.000000,bottom
D40,1N4148W,D_SOD-123,52.400000,-121.000000,-90.000000,bottom
D41,1N4148W,D_SOD-123,70.400000,-121.000000,-90.000000,bottom
D42,1N4148W,D_SOD-123,88.400000,-118.250000,-90.000000,bottom
D43,1N4148W,D_SOD-123,106.400000,-116.125000,-90.000000,bottom
D44,1N4148W,D_SOD-123,124.400000,-118.250000,-90.000000,bottom
D45,1N4148W,D_SOD-123,142.400000,-120.375000,-90.000000,bottom
D50,1N4148W,D_SOD-123,52.400000,-138.000000,-90.000000,bottom
D51,1N4148W,D_SOD-123,70.400000,-138.000000,-90.000000,bottom
D52,1N4148W,D_SOD-123,88.400000,-135.250000,-90.000000,bottom
D53,1N4148W,D_SOD-123,106.400000,-133.125000,-90.000000,bottom
D54,1N4148W,D_SOD-123,124.400000,-135.250000,-90.000000,bottom
D55,1N4148W,D_SOD-123,142.400000,-137.375000,-90.000000,bottom
D60,1N4148W,D_SOD-123,79.400000,-155.500000,-90.000000,bottom
D61,1N4148W,D_SOD-123,97.400000,-154.375000,-90.000000,bottom
D62,1N4148W,D_SOD-123,115.400000,-154.375000,-90.000000,bottom
D63,1N4148W,D_SOD-123,136.005495,-154.804161,-98.060000,bottom
D64,1N4148W,D_SOD-123,160.623057,-164.616411,-19.630000,bottom
D65,1N4148W,D_SOD-123,160.500001,-128.750000,-90.000000,bottom
D201,B5819W SL,D_SOD-123,190.051553,-70.435785,-90.000000,bottom
D202,SMF5.0A,D_SOD-123FL,204.600000,-69.900000,0.000000,bottom
D210,1N4148W,D_SOD-123,299.400000,-70.000000,-90.000000,bottom
D211,1N4148W,D_SOD-123,281.400000,-70.000000,-90.000000,bottom
D212,1N4148W,D_SOD-123,263.400000,-67.250000,-90.000000,bottom
D213,1N4148W,D_SOD-123,245.400000,-65.125000,-90.000000,bottom
D214,1N4148W,D_SOD-123,227.400000,-67.250000,-90.000000,bottom
D215,1N4148W,D_SOD-123,209.400000,-69.375000,-90.000000,bottom
D216,1N4148W,D_SOD-123,191.500001,-107.875000,-90.000000,bottom
D220,1N4148W,D_SOD-123,299.400000,-87.000000,-90.000000,bottom
D221,1N4148W,D_SOD-123,281.400000,-87.000000,-90.000000,bottom
D222,1N4148W,D_SOD-123,263.400000,-84.250000,-90.000000,bottom
D223,1N4148W,D_SOD-123,245.400000,-82.125000,-90.000000,bottom
D224,1N4148W,D_SOD-123,227.400000,-84.250000,-90.000000,bottom
D225,1N4148W,D_SOD-123,209.400000,-86.375000,-90.000000,bottom
D230,1N4148W,D_SOD-123,299.400000,-104.000000,-90.000000,bottom
D231,1N4148W,D_SOD-123,281.400000,-104.000000,-90.000000,bottom
D232,1N4148W,D_SOD-123,263.400000,-101.250000,-90.000000,bottom
D233,1N4148W,D_SOD-123,245.400000,-99.125000,-90.000000,bottom
D234,1N4148W,D_SOD-123,227.400000,-101.250000,-90.000000,bottom
D235,1N4148W,D_SOD-123,209.400000,-103.375000,-90.000000,bottom
D240,1N4148W,D_SOD-123,299.400000,-121.000000,-90.000000,bottom
D241,1N4148W,D_SOD-123,281.400000,-121.000000,-90.000000,bottom
D242,1N4148W,D_SOD-123,263.400000,-118.250000,-90.000000,bottom
D243,1N4148W,D_SOD-123,245.400000,-116.125000,-90.000000,bottom
D244,1N4148W,D_SOD-123,227.400000,-118.250000,-90.000000,bottom
D245,1N4148W,D_SOD-123,209.400000,-120.375000,-90.000000,bottom
D250,1N4148W,D_SOD-123,299.400000,-138.000000,-90.000000,bottom
D251,1N4148W,D_SOD-123,281.400000,-138.000000,-90.000000,bottom
D252,1N4148W,D_SOD-123,263.400000,-135.250000,-90.000000,bottom
D253,1N4148W,D_SOD-123,245.400000,-133.125000,-90.000000,bottom
D254,1N4148W,D_SOD-123,227.400000,-135.250000,-90.000000,bottom
D255,1N4148W,D_SOD-123,209.400000,-137.375000,-90.000000,bottom
D260,1N4148W,D_SOD-123,272.400000,-155.500000,-90.000000,bottom
D261,1N4148W,D_SOD-123,254.400000,-154.375000,-90.000000,bottom
D262,1N4148W,D_SOD-123,236.400000,-154.375000,-90.000000,bottom
D263,1N4148W,D_SOD-123,215.944655,-156.935353,-81.940000,bottom
D264,1N4148W,D_SOD-123,201.270584,-150.299810,-160.370000,bottom
D265,1N4148W,D_SOD-123,191.500001,-128.750000,-90.000000,bottom
F1,1.1A,Fuse_1206_3216Metric,172.500000,-72.960000,0.000000,bottom
F2,1.1A,Fuse_1206_3216Metric,166.750000,-97.500000,-90.000000,bottom
F201,1.1A,Fuse_1206_3216Metric,194.563661,-71.461352,180.000000,bottom
F202,1.1A,Fuse_1206_3216Metric,200.250000,-97.500000,-90.000000,bottom
J1,"Connector, USB-TYPE-C-16P",USB_C_Receptacle_HongCheng_HC-TYPE-C-16P_MidMount,168.779481,-65.320000,0.000000,bottom
J2,"Connector, USB-TYPE-C-16P",USB_C_Receptacle_HongCheng_HC-TYPE-C-16P_MidMount,174.555000,-93.680000,-90.000000,bottom
J201,"Connector, USB-TYPE-C-16P",USB_C_Receptacle_HongCheng_HC-TYPE-C-16P_MidMount,198.220519,-65.320000,0.000000,bottom
J202,"Connector, USB-TYPE-C-16P",USB_C_Receptacle_HongCheng_HC-TYPE-C-16P_MidMount,192.445000,-93.680000,90.000000,bottom
LED10,SK6812MINI-E,LED-SMD_4P-L3.2-W2.8-LS5.9_SK6812MINI-E,60.000000,-67.300000,180.000000,bottom
LED11,SK6812MINI-E,LED-SMD_4P-L3.2-W2.8-LS5.9_SK6812MINI-E,78.000000,-67.300000,180.000000,bottom
LED12,SK6812MINI-E,LED-SMD_4P-L3.2-W2.8-LS5.9_SK6812MINI-E,96.000000,-64.550000,180.000000,bottom
LED13,SK6812MINI-E,LED-SMD_4P-L3.2-W2.8-LS5.9_SK6812MINI-E,114.000000,-62.425000,180.000000,bottom
LED14,SK6812MINI-E,LED-SMD_4P-L3.2-W2.8-LS5.9_SK6812MINI-E,132.000000,-64.550000,180.000000,bottom
LED15,SK6812MINI-E,LED-SMD_4P-L3.2-W2.8-LS5.9_SK6812MINI-E,150.000000,-66.675000,180.000000,bottom
LED16,SK6812MINI-E,LED-SMD_4P-L3.2-W2.8-LS5.9_SK6812MINI-E,168.000000,-108.175000,180.000000,bottom
LED20,SK6812MINI-E,LED-SMD_4P-L3.2-W2.8-LS5.9_SK6812MINI-E,60.000000,-84.300000,180.000000,bottom
LED21,SK6812MINI-E,LED-SMD_4P-L3.2-W2.8-LS5.9_SK6812MINI-E,78.000000,-84.300000,180.000000,bottom
LED22,SK6812MINI-E,LED-SMD_4P-L3.2-W2.8-LS5.9_SK6812MINI-E,96.000000,-81.550000,180.000000,bottom
LED23,SK6812MINI-E,LED-SMD_4P-L3.2-W2.8-LS5.9_SK6812MINI-E,114.000000,-79.425000,180.000000,bottom
LED24,SK6812MINI-E,LED-SMD_4P-L3.2-W2.8-LS5.9_SK6812MINI-E,132.000000,-81.550000,180.000000,bottom
LED25,SK6812MINI-E,LED-SMD_4P-L3.2-W2.8-LS5.9_SK6812MINI-E,150.000000,-83.675000,180.000000,bottom
LED30,SK6812MINI-E,LED-SMD_4P-L3.2-W2.8-LS5.9_SK6812MINI-E,60.000000,-101.300000,180.000000,bottom
LED31,SK6812MINI-E,LED-SMD_4P-L3.2-W2.8-LS5.9_SK6812MINI-E,78.000000,-101.300000,180.000000,bottom
LED32,SK6812MINI-E,LED-SMD_4P-L3.2-W2.8-LS5.9_SK6812MINI-E,96.000000,-98.550000,180.000000,bottom
LED33,SK6812MINI-E,LED-SMD_4P-L3.2-W2.8-LS5.9_SK6812MINI-E,114.000000,-96.425000,180.000000,bottom
LED34,SK6812MINI-E,LED-SMD_4P-L3.2-W2.8-LS5.9_SK6812MINI-E,132.000000,-98.550000,180.000000,bottom
LED35,SK6812MINI-E,LED-SMD_4P-L3.2-W2.8-LS5.9_SK6812MINI-E,150.000000,-100.675000,180.000000,bottom
LED40,SK6812MINI-E,LED-SMD_4P-L3.2-W2.8-LS5.9_SK6812MINI-E,60.000000,-118.300000,180.000000,bottom
LED41,SK6812MINI-E,LED-SMD_4P-L3.2-W2.8-LS5.9_SK6812MINI-E,78.000000,-118.300000,180.000000,bottom
LED42,SK6812MINI-E,LED-SMD_4P-L3.2-W2.8-LS5.9_SK6812MINI-E,96.000000,-115.550000,180.000000,bottom
LED43,SK6812MINI-E,LED-SMD_4P-L3.2-W2.8-LS5.9_SK6812MINI-E,114.000000,-113.425000,180.000000,bottom
LED44,SK6812MINI-E,LED-SMD_4P-L3.2-W2.8-LS5.9_SK6812MINI-E,132.000000,-115.550000,180.000000,bottom
LED45,SK6812MINI-E,LED-SMD_4P-L3.2-W2.8-LS5.9_SK6812MINI-E,150.000000,-117.675000,180.000000,bottom
LED50,SK6812MINI-E,LED-SMD_4P-L3.2-W2.8-LS5.9_SK6812MINI-E,60.000000,-135.300000,180.000000,bottom
LED51,SK6812MINI-E,LED-SMD_4P-L3.2-W2.8-LS5.9_SK6812MINI-E,78.000000,-135.300000,180.000000,bottom
LED52,SK6812MINI-E,LED-SMD_4P-L3.2-W2.8-LS5.9_SK6812MINI-E,96.000000,-132.550000,180.000000,bottom
LED53,SK6812MINI-E,LED-SMD_4P-L3.2-W2.8-LS5.9_SK6812MINI-E,114.000000,-130.425000,180.000000,bottom
LED54,SK6812MINI-E,LED-SMD_4P-L3.2-W2.8-LS5.9_SK6812MINI-E,132.000000,-132.550000,180.000000,bottom
LED55,SK6812MINI-E,LED-SMD_4P-L3.2-W2.8-LS5.9_SK6812MINI-E,150.000000,-134.675000,180.000000,bottom
LED60,SK6812MINI-E,LED-SMD_4P-L3.2-W2.8-LS5.9_SK6812MINI-E,87.000000,-152.800000,180.000000,bottom
LED61,SK6812MINI-E,LED-SMD_4P-L3.2-W2.8-LS5.9_SK6812MINI-E,105.000000,-151.675000,180.000000,bottom
LED62,SK6812MINI-E,LED-SMD_4P-L3.2-W2.8-LS5.9_SK6812MINI-E,123.000000,-151.675000,180.000000,bottom
LED63,SK6812MINI-E,LED-SMD_4P-L3.2-W2.8-LS5.9_SK6812MINI-E,143.908987,-153.196428,171.940000,bottom
LED64,SK6812MINI-E,LED-SMD_4P-L3.2-W2.8-LS5.9_SK6812MINI-E,160.633157,-156.551060,-109.630000,bottom
LED65,SK6812MINI-E,LED-SMD_4P-L3.2-W2.8-LS5.9_SK6812MINI-E,168.000000,-129.050000,180.000000,bottom
LED210,SK6812MINI-E,LED-SMD_4P-L3.2-W2.8-LS5.9_SK6812MINI-E,307.000000,-67.300000,180.000000,bottom
LED211,SK6812MINI-E,LED-SMD_4P-L3.2-W2.8-LS5.9_SK6812MINI-E,289.000000,-67.300000,180.000000,bottom
LED212,SK6812MINI-E,LED-SMD_4P-L3.2-W2.8-LS5.9_SK6812MINI-E,271.000000,-64.550000,180.000000,bottom
LED213,SK6812MINI-E,LED-SMD_4P-L3.2-W2.8-LS5.9_SK6812MINI-E,253.000000,-62.425000,180.000000,bottom
LED214,SK6812MINI-E,LED-SMD_4P-L3.2-W2.8-LS5.9_SK6812MINI-E,235.000000,-64.550000,180.000000,bottom
LED215,SK6812MINI-E,LED-SMD_4P-L3.2-W2.8-LS5.9_SK6812MINI-E,217.000000,-66.675000,180.000000,bottom
LED216,SK6812MINI-E,LED-SMD_4P-L3.2-W2.8-LS5.9_SK6812MINI-E,199.000000,-108.175000,180.000000,bottom
LED220,SK6812MINI-E,LED-SMD_4P-L3.2-W2.8-LS5.9_SK6812MINI-E,307.000000,-84.300000,180.000000,bottom
LED221,SK6812MINI-E,LED-SMD_4P-L3.2-W2.8-LS5.9_SK6812MINI-E,289.000000,-84.300000,180.000000,bottom
LED222,SK6812MINI-E,LED-SMD_4P-L3.2-W2.8-LS5.9_SK6812MINI-E,271.000000,-81.550000,180.000000,bottom
LED223,SK6812MINI-E,LED-SMD_4P-L3.2-W2.8-LS5.9_SK6812MINI-E,253.000000,-79.425000,180.000000,bottom
LED224,SK6812MINI-E,LED-SMD_4P-L3.2-W2.8-LS5.9_SK6812MINI-E,235.000000,-81.550000,180.000000,bottom
LED225,SK6812MINI-E,LED-SMD_4P-L3.2-W2.8-LS5.9_SK6812MINI-E,217.000000,-83.675000,180.000000,bottom
LED230,SK6812MINI-E,LED-SMD_4P-L3.2-W2.8-LS5.9_SK6812MINI-E,307.000000,-101.300000,180.000000,bottom
LED231,SK6812MINI-E,LED-SMD_4P-L3.2-W2.8-LS5.9_SK6812MINI-E,289.000000,-101.300000,180.000000,bottom
LED232,SK6812MINI-E,LED-SMD_4P-L3.2-W2.8-LS5.9_SK6812MINI-E,271.000000,-98.550000,180.000000,bottom
LED233,SK6812MINI-E,LED-SMD_4P-L3.2-W2.8-LS5.9_SK6812MINI-E,253.000000,-96.425000,180.000000,bottom
LED234,SK6812MINI-E,LED-SMD_4P-L3.2-W2.8-LS5.9_SK6812MINI-E,235.000000,-98.550000,180.000000,bottom
LED235,SK6812MINI-E,LED-SMD_4P-L3.2-W2.8-LS5.9_SK6812MINI-E,217.000000,-100.675000,180.000000,bottom
LED240,SK6812MINI-E,LED-SMD_4P-L3.2-W2.8-LS5.9_SK6812MINI-E,307.000000,-118.300000,180.000000,bottom
LED241,SK6812MINI-E,LED-SMD_4P-L3.2-W2.8-LS5.9_SK6812MINI-E,289.000000,-118.300000,180.000000,bottom
LED242,SK6812MINI-E,LED-SMD_4P-L3.2-W2.8-LS5.9_SK6812MINI-E,271.000000,-115.550000,180.000000,bottom
LED243,SK6812MINI-E,LED-SMD_4P-L3.2-W2.8-LS5.9_SK6812MINI-E,253.000000,-113.425000,180.000000,bottom
LED244,SK6812MINI-E,LED-SMD_4P-L3.2-W2.8-LS5.9_SK6812MINI-E,235.000000,-115.550000,180.000000,bottom
LED245,SK6812MINI-E,LED-SMD_4P-L3.2-W2.8-LS5.9_SK6812MINI-E,217.000000,-117.675000,180.000000,bottom
LED250,SK6812MINI-E,LED-SMD_4P-L3.2-W2.8-LS5.9_SK6812MINI-E,307.000000,-135.300000,180.000000,bottom
LED251,SK6812MINI-E,LED-SMD_4P-L3.2-W2.8-LS5.9_SK6812MINI-E,289.000000,-135.300000,180.000000,bottom
LED252,SK6812MINI-E,LED-SMD_4P-L3.2-W2.8-LS5.9_SK6812MINI-E,271.000000,-132.550000,180.000000,bottom
LED253,SK6812MINI-E,LED-SMD_4P-L3.2-W2.8-LS5.9_SK6812MINI-E,253.000000,-130.425000,180.000000,bottom
LED254,SK6812MINI-E,LED-SMD_4P-L3.2-W2.8-LS5.9_SK6812MINI-E,235.000000,-132.550000,180.000000,bottom
LED255,SK6812MINI-E,LED-SMD_4P-L3.2-W2.8-LS5.9_SK6812MINI-E,217.000000,-134.675000,180.000000,bottom
LED260,SK6812MINI-E,LED-SMD_4P-L3.2-W2.8-LS5.9_SK6812MINI-E,280.000000,-152.800000,180.000000,bottom
LED261,SK6812MINI-E,LED-SMD_4P-L3.2-W2.8-LS5.9_SK6812MINI-E,262.000000,-151.675000,180.000000,bottom
LED262,SK6812MINI-E,LED-SMD_4P-L3.2-W2.8-LS5.9_SK6812MINI-E,244.000000,-151.675000,180.000000,bottom
LED263,SK6812MINI-E,LED-SMD_4P-L3.2-W2.8-LS5.9_SK6812MINI-E,223.091013,-153.196428,-171.940000,bottom
LED264,SK6812MINI-E,LED-SMD_4P-L3.2-W2.8-LS5.9_SK6812MINI-E,206.366843,-156.551060,109.630000,bottom
LED265,SK6812MINI-E,LED-SMD_4P-L3.2-W2.8-LS5.9_SK6812MINI-E,199.000000,-129.050000,180.000000,bottom
R2,1kΩ,R_0402,165.000000,-91.000000,90.000000,bottom
R4,1kΩ,R_0402,177.600000,-84.400000,90.000000,bottom
R5,5.1kΩ,R_0402,166.000000,-72.750000,-90.000000,bottom
R6,5.1kΩ,R_0402,171.250000,-75.050000,0.000000,bottom
R7,27Ω,R_0402,165.340000,-76.080000,-90.000000,bottom
R8,27Ω,R_0402,164.390000,-76.080000,-90.000000,bottom
R10,10kΩ,R_0402,172.550000,-70.850000,90.000000,bottom
R11,10kΩ,R_0402,173.450000,-70.900000,-90.000000,bottom
R15,470Ω,R_0402,172.189250,-124.193269,135.000000,bottom
R16,120Ω,R_0402,164.100000,-94.500000,90.000000,bottom
R202,1kΩ,R_0402,192.500000,-78.500000,0.000000,bottom
R204,1kΩ,R_0402,206.500000,-91.250000,90.000000,bottom
R205,5.1kΩ,R_0402,201.000000,-72.750000,-90.000000,bottom
R206,5.1kΩ,R_0402,197.059521,-74.318458,180.000000,bottom
R207,27Ω,R_0402,207.420000,-78.840000,180.000000,bottom
R208,27Ω,R_0402,207.420000,-77.890000,180.000000,bottom
R210,10kΩ,R_0402,191.770953,-71.470648,90.000000,bottom
R211,10kΩ,R_0402,191.653105,-69.271569,-90.000000,bottom
R215,470Ω,R_0402,194.810750,-124.193269,45.000000,bottom
R216,120Ω,R_0402,203.580000,-94.280000,90.000000,bottom
SW1,BOOT,SW_Push_1P1T_XUNPU_TS-1088-AR02016,135.434131,-149.327809,0.000000,bottom
SW2,RESET,SW_Push_1P1T_XUNPU_TS-1088-AR02016,143.274847,-148.958973,0.000000,bottom
SW201,BOOT,SW_Push_1P1T_XUNPU_TS-1088-AR02016,206.190000,-96.930000,180.000000,bottom
SW202,RESET,SW_Push_1P1T_XUNPU_TS-1088-AR02016,190.590000,-84.510000,-90.000000,bottom
U1,RP2040,QFN-56-1EP_7x7mm_P0.4mm_EP3.2x3.2mm_ThermalVias,166.000000,-84.000000,180.000000,bottom
U2,USBLC6-2P6,SOT-563_USBLC6-2P6,166.700000,-93.602500,0.000000,bottom
U3,ZD25Q128CWIGR,WSON-8-1EP_6x5mm_P1.27mm_EP3.4x4mm,173.500000,-78.250000,180.000000,bottom
U4,USBLC6-2P6,SOT-563_USBLC6-2P6,168.270000,-72.590000,90.000000,bottom
U5,AP2112K-3.3,SOT-23-5_L3.0-W1.7-P0.95-LS2.8-BL,161.500000,-100.500000,0.000000,bottom
U6,SN74LV1T34DBVR,SOT-23-5,175.812618,-123.517712,180.000000,bottom
U201,RP2040,QFN-56-1EP_7x7mm_P0.4mm_EP3.2x3.2mm_ThermalVias,199.500000,-79.500000,90.000000,bottom
U202,USBLC6-2P6,SOT-563_USBLC6-2P6,200.300000,-93.602500,180.000000,bottom
U203,ZD25Q128CWIGR,WSON-8-1EP_6x5mm_P1.27mm_EP3.4x4mm,205.250000,-87.000000,90.000000,bottom
U204,USBLC6-2P6,SOT-563_USBLC6-2P6,198.730000,-72.590000,90.000000,bottom
U205,AP2112K-3.3,SOT-23-5_L3.0-W1.7-P0.95-LS2.8-BL,205.500000,-100.500000,180.000000,bottom
U206,SN74LV1T34DBVR,SOT-23-5,191.187382,-123.517712,0.000000,bottom
X1,ABM8-272-T3,CRYSTAL-SMD_4P-L3.2-W2.5-BL,160.480000,-90.260000,90.000000,bottom
X201,ABM8-272-T3,CRYSTAL-SMD_4P-L3.2-W2.5-BL,193.240000,-73.980000,0.000000,bottom
